{
  "year": 2,
  "num_fractals": 4,
  "scaling_factor": 0.9135002783911397,
  "centers": [
    {
      "center_id": 1,
      "x": 0.0,
      "y": 0.0,
      "width": 73.08002227129117,
      "height": 73.08002227129117,
      "scaling_factor": 0.9135002783911397
    },
    {
      "center_id": 2,
      "x": 91.35002783911396,
      "y": 0.0,
      "width": 73.08002227129117,
      "height": 73.08002227129117,
      "scaling_factor": 0.9135002783911397
    },
    {
      "center_id": 3,
      "x": 0.0,
      "y": 91.35002783911396,
      "width": 73.08002227129117,
      "height": 73.08002227129117,
      "scaling_factor": 0.9135002783911397
    },
    {
      "center_id": 4,
      "x": 91.35002783911396,
      "y": 91.35002783911396,
      "width": 73.08002227129117,
      "height": 73.08002227129117,
      "scaling_factor": 0.9135002783911397
    }
  ],
  "processes": {
    "A": {
      "x": -2.751530328230475,
      "y": 25.41820363284304,
      "width": 16.443005011040515,
      "height": 16.443005011040515,
      "equipment_count": 4
    },
    "B": {
      "x": 2.8293990753315446,
      "y": 16.663588089449984,
      "width": 31.05900946529875,
      "height": 31.05900946529875,
      "equipment_count": 12
    },
    "C": {
      "x": -26.399665677733164,
      "y": -2.279247352582288,
      "width": 16.443005011040515,
      "height": 16.443005011040515,
      "equipment_count": 4
    },
    "D": {
      "x": -23.656297590950693,
      "y": 3.7678056513088687,
      "width": 42.02101280599243,
      "height": 42.02101280599243,
      "equipment_count": 18
    },
    "E": {
      "x": -2.4179767141444835,
      "y": 8.681128558002872,
      "width": 27.40500835173419,
      "height": 27.40500835173419,
      "equipment_count": 10
    },
    "F": {
      "x": -13.781249947979783,
      "y": 10.444448212022529,
      "width": 27.40500835173419,
      "height": 27.40500835173419,
      "equipment_count": 10
    },
    "G": {
      "x": -3.601572686307302,
      "y": 1.9145740456966087,
      "width": 16.443005011040515,
      "height": 16.443005011040515,
      "equipment_count": 4
    },
    "H": {
      "x": -18.440950968878216,
      "y": -10.351386072772703,
      "width": 31.05900946529875,
      "height": 31.05900946529875,
      "equipment_count": 12
    },
    "I": {
      "x": -16.15093181580599,
      "y": -2.5197669756395515,
      "width": 31.05900946529875,
      "height": 31.05900946529875,
      "equipment_count": 12
    },
    "J": {
      "x": -12.327813734612318,
      "y": -11.012024104580629,
      "width": 45.67501391955698,
      "height": 45.67501391955698,
      "equipment_count": 20
    },
    "K": {
      "x": -0.8780710594660897,
      "y": -13.848249333383434,
      "width": 14.616004454258235,
      "height": 14.616004454258235,
      "equipment_count": 3
    },
    "L": {
      "x": -4.843470455231208,
      "y": -5.930537376781764,
      "width": 32.88601002208103,
      "height": 32.88601002208103,
      "equipment_count": 13
    },
    "M": {
      "x": -9.77631031570721,
      "y": 2.097864148682717,
      "width": 45.67501391955698,
      "height": 45.67501391955698,
      "equipment_count": 20
    }
  },
  "layout_method": "flow_based"
}