{
  "year": 3,
  "num_fractals": 3,
  "scaling_factor": 0.9577271946177287,
  "centers": [
    {
      "center_id": 1,
      "x": 0.0,
      "y": 0.0,
      "width": 76.6181755694183,
      "height": 76.6181755694183,
      "scaling_factor": 0.9577271946177287
    },
    {
      "center_id": 2,
      "x": 95.77271946177287,
      "y": 0.0,
      "width": 76.6181755694183,
      "height": 76.6181755694183,
      "scaling_factor": 0.9577271946177287
    },
    {
      "center_id": 3,
      "x": 0.0,
      "y": 95.77271946177287,
      "width": 76.6181755694183,
      "height": 76.6181755694183,
      "scaling_factor": 0.9577271946177287
    }
  ],
  "processes": {
    "A": {
      "x": -3.095126243495893,
      "y": 27.371182921886113,
      "width": 21.06999828159003,
      "height": 21.06999828159003,
      "equipment_count": 6
    },
    "B": {
      "x": 2.419467864051946,
      "y": 17.689093904606924,
      "width": 42.13999656318006,
      "height": 42.13999656318006,
      "equipment_count": 17
    },
    "C": {
      "x": -27.71338476221892,
      "y": -2.600990117576842,
      "width": 19.154543892354575,
      "height": 19.154543892354575,
      "equipment_count": 5
    },
    "D": {
      "x": -24.917367017040238,
      "y": 4.05746383635016,
      "width": 57.463631677063724,
      "height": 57.463631677063724,
      "equipment_count": 25
    },
    "E": {
      "x": -1.385581074385854,
      "y": 7.946101591413833,
      "width": 36.39363339547369,
      "height": 36.39363339547369,
      "equipment_count": 14
    },
    "F": {
      "x": -14.474343674890337,
      "y": 10.902197964335812,
      "width": 36.39363339547369,
      "height": 36.39363339547369,
      "equipment_count": 14
    },
    "G": {
      "x": -4.161013429185285,
      "y": 1.6490495480543175,
      "width": 21.06999828159003,
      "height": 21.06999828159003,
      "equipment_count": 6
    },
    "H": {
      "x": -19.182799125148435,
      "y": -10.877775025036527,
      "width": 44.05545095241552,
      "height": 44.05545095241552,
      "equipment_count": 18
    },
    "I": {
      "x": -16.896245314486695,
      "y": -2.6489905351056326,
      "width": 44.05545095241552,
      "height": 44.05545095241552,
      "equipment_count": 18
    },
    "J": {
      "x": -12.863863545400324,
      "y": -11.596709448539375,
      "width": 67.04090362324101,
      "height": 67.04090362324101,
      "equipment_count": 30
    },
    "K": {
      "x": -0.8799990061812937,
      "y": -14.632191934175795,
      "width": 17.239089503119118,
      "height": 17.239089503119118,
      "equipment_count": 4
    },
    "L": {
      "x": -5.187376122139164,
      "y": -6.139297030633553,
      "width": 44.05545095241552,
      "height": 44.05545095241552,
      "equipment_count": 18
    },
    "M": {
      "x": -10.25907261235667,
      "y": 3.043051917550341,
      "width": 65.12544923400556,
      "height": 65.12544923400556,
      "equipment_count": 29
    }
  },
  "layout_method": "flow_based"
}