{
  "num_fractals": 4,
  "centers": [
    {
      "center_id": 1,
      "x": 0,
      "y": 0,
      "width": 80.0,
      "height": 80.0
    },
    {
      "center_id": 2,
      "x": 100,
      "y": 0,
      "width": 80.0,
      "height": 80.0
    },
    {
      "center_id": 3,
      "x": 0,
      "y": 100,
      "width": 80.0,
      "height": 80.0
    },
    {
      "center_id": 4,
      "x": 100,
      "y": 100,
      "width": 80.0,
      "height": 80.0
    }
  ],
  "processes": {
    "A": {
      "x": -2.3167019636764783,
      "y": 26.41142064349468,
      "width": 16,
      "height": 16,
      "equipment_count": 3
    },
    "B": {
      "x": 3.840791876014534,
      "y": 16.800794827423577,
      "width": 28,
      "height": 28,
      "equipment_count": 9
    },
    "C": {
      "x": -28.76987760563622,
      "y": -2.4269641781470477,
      "width": 16,
      "height": 16,
      "equipment_count": 3
    },
    "D": {
      "x": -25.404732606435804,
      "y": 3.9542357737863174,
      "width": 36,
      "height": 36,
      "equipment_count": 13
    },
    "E": {
      "x": -5.171484801924814,
      "y": 12.162854542554866,
      "width": 22,
      "height": 22,
      "equipment_count": 6
    },
    "F": {
      "x": -16.457822821119574,
      "y": 12.734107815414113,
      "width": 24,
      "height": 24,
      "equipment_count": 7
    },
    "G": {
      "x": -2.878118427738976,
      "y": 2.5875687497974207,
      "width": 16,
      "height": 16,
      "equipment_count": 3
    },
    "H": {
      "x": -20.385148065736214,
      "y": -12.394810060711169,
      "width": 28,
      "height": 28,
      "equipment_count": 9
    },
    "I": {
      "x": -17.79895744180858,
      "y": -2.8791350283463366,
      "width": 26,
      "height": 26,
      "equipment_count": 8
    },
    "J": {
      "x": -13.280446464282155,
      "y": -11.74232720391305,
      "width": 38,
      "height": 38,
      "equipment_count": 14
    },
    "K": {
      "x": -0.7870303590243167,
      "y": -15.659065076744854,
      "width": 14,
      "height": 14,
      "equipment_count": 2
    },
    "L": {
      "x": -5.289295066854252,
      "y": -6.3932307060945766,
      "width": 28,
      "height": 28,
      "equipment_count": 9
    },
    "M": {
      "x": -10.015354612554706,
      "y": 2.0732243391727687,
      "width": 38,
      "height": 38,
      "equipment_count": 14
    }
  },
  "layout_method": "flow_based"
}