{
  "year": 5,
  "num_fractals": 3,
  "scaling_factor": 1.0569963951264663,
  "centers": [
    {
      "center_id": 1,
      "x": 0.0,
      "y": 0.0,
      "width": 84.5597116101173,
      "height": 84.5597116101173,
      "scaling_factor": 1.0569963951264663
    },
    {
      "center_id": 2,
      "x": 105.69963951264663,
      "y": 0.0,
      "width": 84.5597116101173,
      "height": 84.5597116101173,
      "scaling_factor": 1.0569963951264663
    },
    {
      "center_id": 3,
      "x": 0.0,
      "y": 105.69963951264663,
      "width": 84.5597116101173,
      "height": 84.5597116101173,
      "scaling_factor": 1.0569963951264663
    }
  ],
  "processes": {
    "A": {
      "x": -3.81523381664822,
      "y": 31.52767707590218,
      "width": 23.25392069278226,
      "height": 23.25392069278226,
      "equipment_count": 6
    },
    "B": {
      "x": 2.0016481448539545,
      "y": 19.520408250412473,
      "width": 52.84981975632331,
      "height": 52.84981975632331,
      "equipment_count": 20
    },
    "C": {
      "x": -30.625279695505075,
      "y": -3.3527451970580144,
      "width": 23.25392069278226,
      "height": 23.25392069278226,
      "equipment_count": 6
    },
    "D": {
      "x": -27.740607585207837,
      "y": 4.685140670968611,
      "width": 71.8757548685997,
      "height": 71.8757548685997,
      "equipment_count": 29
    },
    "E": {
      "x": 0.03459599555726133,
      "y": 7.058957271052658,
      "width": 50.73582696607038,
      "height": 50.73582696607038,
      "equipment_count": 19
    },
    "F": {
      "x": -16.172628064408126,
      "y": 11.903291314024125,
      "width": 44.39384859531158,
      "height": 44.39384859531158,
      "equipment_count": 16
    },
    "G": {
      "x": -5.727512546811964,
      "y": 1.9042145866167042,
      "width": 25.36791348303519,
      "height": 25.36791348303519,
      "equipment_count": 7
    },
    "H": {
      "x": -20.8502485930652,
      "y": -11.916948756761478,
      "width": 54.96381254657624,
      "height": 54.96381254657624,
      "equipment_count": 21
    },
    "I": {
      "x": -18.604475466355684,
      "y": -2.884376664427178,
      "width": 59.19179812708211,
      "height": 59.19179812708211,
      "equipment_count": 23
    },
    "J": {
      "x": -14.07772085151422,
      "y": -12.905855873115193,
      "width": 86.67370440037023,
      "height": 86.67370440037023,
      "equipment_count": 36
    },
    "K": {
      "x": -0.827982680157172,
      "y": -16.595370055005198,
      "width": 21.139927902529326,
      "height": 21.139927902529326,
      "equipment_count": 5
    },
    "L": {
      "x": -5.558249342841932,
      "y": -6.901211378999958,
      "width": 57.07780533682918,
      "height": 57.07780533682918,
      "equipment_count": 22
    },
    "M": {
      "x": -10.998670348926172,
      "y": 4.623436690844363,
      "width": 82.44571881986437,
      "height": 82.44571881986437,
      "equipment_count": 34
    }
  },
  "layout_method": "flow_based"
}