{
  "num_fractals": 2,
  "centers": [
    {
      "center_id": 1,
      "x": 0,
      "y": 0,
      "width": 80.0,
      "height": 80.0
    },
    {
      "center_id": 2,
      "x": 100,
      "y": 0,
      "width": 80.0,
      "height": 80.0
    }
  ],
  "processes": {
    "A": {
      "x": -2.3167019636764725,
      "y": 26.411420643494687,
      "width": 22,
      "height": 22,
      "equipment_count": 6
    },
    "B": {
      "x": 3.8407918760145403,
      "y": 16.800794827423584,
      "width": 46,
      "height": 46,
      "equipment_count": 18
    },
    "C": {
      "x": -28.76987760563623,
      "y": -2.426964178147045,
      "width": 20,
      "height": 20,
      "equipment_count": 5
    },
    "D": {
      "x": -25.404732606435804,
      "y": 3.954235773786318,
      "width": 60,
      "height": 60,
      "equipment_count": 25
    },
    "E": {
      "x": -5.171484801924805,
      "y": 12.16285454255486,
      "width": 34,
      "height": 34,
      "equipment_count": 12
    },
    "F": {
      "x": -16.457822821119574,
      "y": 12.734107815414111,
      "width": 38,
      "height": 38,
      "equipment_count": 14
    },
    "G": {
      "x": -2.8781184277389738,
      "y": 2.5875687497974136,
      "width": 20,
      "height": 20,
      "equipment_count": 5
    },
    "H": {
      "x": -20.385148065736217,
      "y": -12.394810060711166,
      "width": 44,
      "height": 44,
      "equipment_count": 17
    },
    "I": {
      "x": -17.798957441808582,
      "y": -2.879135028346338,
      "width": 42,
      "height": 42,
      "equipment_count": 16
    },
    "J": {
      "x": -13.280446464282157,
      "y": -11.742327203913053,
      "width": 66,
      "height": 66,
      "equipment_count": 28
    },
    "K": {
      "x": -0.7870303590243184,
      "y": -15.659065076744856,
      "width": 18,
      "height": 18,
      "equipment_count": 4
    },
    "L": {
      "x": -5.289295066854258,
      "y": -6.393230706094575,
      "width": 46,
      "height": 46,
      "equipment_count": 18
    },
    "M": {
      "x": -10.01535461255471,
      "y": 2.0732243391727736,
      "width": 66,
      "height": 66,
      "equipment_count": 28
    }
  },
  "layout_method": "flow_based"
}