{
  "year": 3,
  "num_fractals": 2,
  "scaling_factor": 0.9577271946177287,
  "centers": [
    {
      "center_id": 1,
      "x": 0.0,
      "y": 0.0,
      "width": 76.6181755694183,
      "height": 76.6181755694183,
      "scaling_factor": 0.9577271946177287
    },
    {
      "center_id": 2,
      "x": 95.77271946177287,
      "y": 0.0,
      "width": 76.6181755694183,
      "height": 76.6181755694183,
      "scaling_factor": 0.9577271946177287
    }
  ],
  "processes": {
    "A": {
      "x": -3.0951262434958937,
      "y": 27.371182921886113,
      "width": 24.900907060060945,
      "height": 24.900907060060945,
      "equipment_count": 8
    },
    "B": {
      "x": 2.419467864051945,
      "y": 17.689093904606924,
      "width": 59.37908606629918,
      "height": 59.37908606629918,
      "equipment_count": 26
    },
    "C": {
      "x": -27.71338476221892,
      "y": -2.600990117576842,
      "width": 22.985452670825488,
      "height": 22.985452670825488,
      "equipment_count": 7
    },
    "D": {
      "x": -24.917367017040238,
      "y": 4.05746383635016,
      "width": 80.44908434788921,
      "height": 80.44908434788921,
      "equipment_count": 37
    },
    "E": {
      "x": -1.3855810743858568,
      "y": 7.946101591413835,
      "width": 49.80181412012189,
      "height": 49.80181412012189,
      "equipment_count": 21
    },
    "F": {
      "x": -14.474343674890337,
      "y": 10.902197964335812,
      "width": 47.88635973088643,
      "height": 47.88635973088643,
      "equipment_count": 20
    },
    "G": {
      "x": -4.161013429185283,
      "y": 1.6490495480543157,
      "width": 24.900907060060945,
      "height": 24.900907060060945,
      "equipment_count": 8
    },
    "H": {
      "x": -19.18279912514843,
      "y": -10.877775025036529,
      "width": 61.29454045553464,
      "height": 61.29454045553464,
      "equipment_count": 27
    },
    "I": {
      "x": -16.8962453144867,
      "y": -2.6489905351056313,
      "width": 61.29454045553464,
      "height": 61.29454045553464,
      "equipment_count": 27
    },
    "J": {
      "x": -12.863863545400324,
      "y": -11.596709448539372,
      "width": 93.85726507253742,
      "height": 93.85726507253742,
      "equipment_count": 44
    },
    "K": {
      "x": -0.8799990061812949,
      "y": -14.632191934175799,
      "width": 21.06999828159003,
      "height": 21.06999828159003,
      "equipment_count": 6
    },
    "L": {
      "x": -5.187376122139165,
      "y": -6.139297030633553,
      "width": 61.29454045553464,
      "height": 61.29454045553464,
      "equipment_count": 27
    },
    "M": {
      "x": -10.25907261235667,
      "y": 3.0430519175503403,
      "width": 91.94181068330195,
      "height": 91.94181068330195,
      "equipment_count": 43
    }
  },
  "layout_method": "flow_based"
}