scenario,num_centers,total_capital_investment,total_annual_operating_cost,total_annual_depreciation,total_annual_cost,total_equipment_units,total_operators,equipment_per_center,capital_cost_per_center,operating_cost_per_center,total_weekly_hours,total_annual_hours,capital_cost_per_equipment_unit,operating_cost_per_hour,total_cost_per_hour,average_utilization,cost_per_utilization_point
f2,2,152920000,46675200.0,11209999.999999998,57885200.0,392,491.0,196.0,76460000.0,23337600.0,26657.051166666664,1386166.6606666665,390102.0408163265,33.672141542887715,41.759192197106046,0.9469,125746.52841387902
f3,3,157734000,48235200.0,11546250.0,59781450.0,402,504.75,134.0,52578000.0,16078400.0,26657.051166666664,1386166.6606666665,392373.1343283582,34.79754734311792,43.127173446264074,0.9081999999999999,132116.33968453264
f4,4,157160000,48006400.0,11533333.333333332,59539733.33333333,400,502.0,100.0,39290000.0,12001600.0,26657.051166666664,1386166.6606666665,392900.0,34.63248782575082,42.9527956650596,0.9165000000000001,130950.35460992907
f5,5,157900000,48568000.0,11589583.333333334,60157583.333333336,405,508.75,81.0,31580000.0,9713600.0,26657.051166666664,1386166.6606666665,389876.5432098765,35.037633913833695,43.39852128920847,0.9002,133215.9382962908
