scenario,num_centers,total_capital_investment,total_annual_operating_cost,total_annual_depreciation,total_annual_cost,total_equipment_units,total_operators,equipment_per_center,capital_cost_per_center,operating_cost_per_center,total_weekly_hours,total_annual_hours,capital_cost_per_equipment_unit,operating_cost_per_hour,total_cost_per_hour,average_utilization,cost_per_utilization_point
f2,2,152920000,46675200.0,11209999.999999998,57885200.0,392,491.0,196.0,76460000.0,23337600.0,26657.051282051285,1386166.6666666667,390102.0408163265,33.67214139713839,41.759192016352046,0.9469410518041108,125741.07704830327
f3,3,157734000,48235200.0,11546250.0,59781450.0,402,504.75,134.0,52578000.0,16078400.0,26657.051282051285,1386166.6666666667,392373.1343283582,34.79754719249729,43.127173259588794,0.908242750283632,132110.12107062995
f4,4,157160000,48006400.0,11533333.333333332,59539733.33333333,400,502.0,100.0,39290000.0,12001600.0,26657.051282051285,1386166.6666666667,392900.0,34.63248767584465,42.952795479139105,0.9165364443844023,130945.14761015264
f5,5,157900000,48568000.0,11589583.333333334,60157583.333333336,405,508.75,81.0,31580000.0,9713600.0,26657.051282051285,1386166.6666666667,389876.5432098765,35.03763376217386,43.39852110135866,0.900224625021034,133212.29426657708
