{
  "year": 2,
  "num_fractals": 2,
  "scaling_factor": 0.9135002783911397,
  "centers": [
    {
      "center_id": 1,
      "x": 0.0,
      "y": 0.0,
      "width": 73.08002227129117,
      "height": 73.08002227129117,
      "scaling_factor": 0.9135002783911397
    },
    {
      "center_id": 2,
      "x": 91.35002783911396,
      "y": 0.0,
      "width": 73.08002227129117,
      "height": 73.08002227129117,
      "scaling_factor": 0.9135002783911397
    }
  ],
  "processes": {
    "A": {
      "x": -2.751530328230475,
      "y": 25.41820363284304,
      "width": 23.75100723816963,
      "height": 23.75100723816963,
      "equipment_count": 8
    },
    "B": {
      "x": 2.8293990753315446,
      "y": 16.663588089449984,
      "width": 52.983016146686104,
      "height": 52.983016146686104,
      "equipment_count": 24
    },
    "C": {
      "x": -26.399665677733164,
      "y": -2.279247352582288,
      "width": 21.924006681387354,
      "height": 21.924006681387354,
      "equipment_count": 7
    },
    "D": {
      "x": -23.656297590950693,
      "y": 3.7678056513088687,
      "width": 73.08002227129117,
      "height": 73.08002227129117,
      "equipment_count": 35
    },
    "E": {
      "x": -2.4179767141444835,
      "y": 8.681128558002872,
      "width": 43.84801336277471,
      "height": 43.84801336277471,
      "equipment_count": 19
    },
    "F": {
      "x": -13.781249947979783,
      "y": 10.444448212022529,
      "width": 43.84801336277471,
      "height": 43.84801336277471,
      "equipment_count": 19
    },
    "G": {
      "x": -3.601572686307302,
      "y": 1.9145740456966087,
      "width": 23.75100723816963,
      "height": 23.75100723816963,
      "equipment_count": 8
    },
    "H": {
      "x": -18.440950968878216,
      "y": -10.351386072772703,
      "width": 52.983016146686104,
      "height": 52.983016146686104,
      "equipment_count": 24
    },
    "I": {
      "x": -16.15093181580599,
      "y": -2.5197669756395515,
      "width": 52.983016146686104,
      "height": 52.983016146686104,
      "equipment_count": 24
    },
    "J": {
      "x": -12.327813734612318,
      "y": -11.012024104580629,
      "width": 82.21502505520257,
      "height": 82.21502505520257,
      "equipment_count": 40
    },
    "K": {
      "x": -0.8780710594660897,
      "y": -13.848249333383434,
      "width": 20.097006124605073,
      "height": 20.097006124605073,
      "equipment_count": 6
    },
    "L": {
      "x": -4.843470455231208,
      "y": -5.930537376781764,
      "width": 54.81001670346838,
      "height": 54.81001670346838,
      "equipment_count": 25
    },
    "M": {
      "x": -9.77631031570721,
      "y": 2.097864148682717,
      "width": 80.3880244984203,
      "height": 80.3880244984203,
      "equipment_count": 39
    }
  },
  "layout_method": "flow_based"
}