{
  "year": 5,
  "num_fractals": 4,
  "scaling_factor": 1.0569963951264663,
  "centers": [
    {
      "center_id": 1,
      "x": 0.0,
      "y": 0.0,
      "width": 84.5597116101173,
      "height": 84.5597116101173,
      "scaling_factor": 1.0569963951264663
    },
    {
      "center_id": 2,
      "x": 105.69963951264663,
      "y": 0.0,
      "width": 84.5597116101173,
      "height": 84.5597116101173,
      "scaling_factor": 1.0569963951264663
    },
    {
      "center_id": 3,
      "x": 0.0,
      "y": 105.69963951264663,
      "width": 84.5597116101173,
      "height": 84.5597116101173,
      "scaling_factor": 1.0569963951264663
    },
    {
      "center_id": 4,
      "x": 105.69963951264663,
      "y": 105.69963951264663,
      "width": 84.5597116101173,
      "height": 84.5597116101173,
      "scaling_factor": 1.0569963951264663
    }
  ],
  "processes": {
    "A": {
      "x": -3.81523381664822,
      "y": 31.527677075902186,
      "width": 21.139927902529326,
      "height": 21.139927902529326,
      "equipment_count": 5
    },
    "B": {
      "x": 2.0016481448539554,
      "y": 19.520408250412476,
      "width": 42.27985580505865,
      "height": 42.27985580505865,
      "equipment_count": 15
    },
    "C": {
      "x": -30.625279695505082,
      "y": -3.352745197058013,
      "width": 21.139927902529326,
      "height": 21.139927902529326,
      "equipment_count": 5
    },
    "D": {
      "x": -27.740607585207844,
      "y": 4.685140670968614,
      "width": 57.07780533682918,
      "height": 57.07780533682918,
      "equipment_count": 22
    },
    "E": {
      "x": 0.0345959955572636,
      "y": 7.058957271052658,
      "width": 40.165863014805716,
      "height": 40.165863014805716,
      "equipment_count": 14
    },
    "F": {
      "x": -16.172628064408133,
      "y": 11.90329131402413,
      "width": 35.93787743429985,
      "height": 35.93787743429985,
      "equipment_count": 12
    },
    "G": {
      "x": -5.727512546811962,
      "y": 1.9042145866167033,
      "width": 23.25392069278226,
      "height": 23.25392069278226,
      "equipment_count": 6
    },
    "H": {
      "x": -20.8502485930652,
      "y": -11.916948756761476,
      "width": 44.39384859531158,
      "height": 44.39384859531158,
      "equipment_count": 16
    },
    "I": {
      "x": -18.604475466355687,
      "y": -2.8843766644271764,
      "width": 46.50784138556452,
      "height": 46.50784138556452,
      "equipment_count": 17
    },
    "J": {
      "x": -14.07772085151422,
      "y": -12.905855873115193,
      "width": 67.64776928809384,
      "height": 67.64776928809384,
      "equipment_count": 27
    },
    "K": {
      "x": -0.8279826801571735,
      "y": -16.595370055005205,
      "width": 19.025935112276393,
      "height": 19.025935112276393,
      "equipment_count": 4
    },
    "L": {
      "x": -5.558249342841933,
      "y": -6.9012113789999585,
      "width": 44.39384859531158,
      "height": 44.39384859531158,
      "equipment_count": 16
    },
    "M": {
      "x": -10.998670348926172,
      "y": 4.6234366908443665,
      "width": 63.419783707587975,
      "height": 63.419783707587975,
      "equipment_count": 25
    }
  },
  "layout_method": "flow_based"
}