{
  "year": 2,
  "num_fractals": 3,
  "scaling_factor": 0.9135002783911397,
  "centers": [
    {
      "center_id": 1,
      "x": 0.0,
      "y": 0.0,
      "width": 73.08002227129117,
      "height": 73.08002227129117,
      "scaling_factor": 0.9135002783911397
    },
    {
      "center_id": 2,
      "x": 91.35002783911396,
      "y": 0.0,
      "width": 73.08002227129117,
      "height": 73.08002227129117,
      "scaling_factor": 0.9135002783911397
    },
    {
      "center_id": 3,
      "x": 0.0,
      "y": 91.35002783911396,
      "width": 73.08002227129117,
      "height": 73.08002227129117,
      "scaling_factor": 0.9135002783911397
    }
  ],
  "processes": {
    "A": {
      "x": -2.7515303282304764,
      "y": 25.41820363284304,
      "width": 18.270005567822793,
      "height": 18.270005567822793,
      "equipment_count": 5
    },
    "B": {
      "x": 2.8293990753315423,
      "y": 16.663588089449984,
      "width": 38.367011692427866,
      "height": 38.367011692427866,
      "equipment_count": 16
    },
    "C": {
      "x": -26.399665677733157,
      "y": -2.2792473525822894,
      "width": 18.270005567822793,
      "height": 18.270005567822793,
      "equipment_count": 5
    },
    "D": {
      "x": -23.65629759095069,
      "y": 3.767805651308868,
      "width": 51.156015589903824,
      "height": 51.156015589903824,
      "equipment_count": 23
    },
    "E": {
      "x": -2.417976714144482,
      "y": 8.681128558002873,
      "width": 32.88601002208103,
      "height": 32.88601002208103,
      "equipment_count": 13
    },
    "F": {
      "x": -13.781249947979772,
      "y": 10.444448212022525,
      "width": 32.88601002208103,
      "height": 32.88601002208103,
      "equipment_count": 13
    },
    "G": {
      "x": -3.6015726863073048,
      "y": 1.9145740456966107,
      "width": 18.270005567822793,
      "height": 18.270005567822793,
      "equipment_count": 5
    },
    "H": {
      "x": -18.440950968878216,
      "y": -10.351386072772705,
      "width": 38.367011692427866,
      "height": 38.367011692427866,
      "equipment_count": 16
    },
    "I": {
      "x": -16.150931815805986,
      "y": -2.5197669756395524,
      "width": 38.367011692427866,
      "height": 38.367011692427866,
      "equipment_count": 16
    },
    "J": {
      "x": -12.327813734612318,
      "y": -11.012024104580627,
      "width": 58.46401781703294,
      "height": 58.46401781703294,
      "equipment_count": 27
    },
    "K": {
      "x": -0.8780710594660897,
      "y": -13.848249333383437,
      "width": 16.443005011040515,
      "height": 16.443005011040515,
      "equipment_count": 4
    },
    "L": {
      "x": -4.843470455231204,
      "y": -5.930537376781766,
      "width": 40.19401224921015,
      "height": 40.19401224921015,
      "equipment_count": 17
    },
    "M": {
      "x": -9.776310315707208,
      "y": 2.0978641486827123,
      "width": 56.63701726025066,
      "height": 56.63701726025066,
      "equipment_count": 26
    }
  },
  "layout_method": "flow_based"
}