Process,Total_Installed_Cost,Useful_Life_Years,Annual_Depreciation
A,2100000,10,210000.0
B,7800000,10,780000.0
C,3250000,10,325000.0
D,15900000,10,1590000.0
E,11200000,10,1120000.0
F,12000000,10,1200000.0
G,6000000,10,600000.0
H,38000000,15,2533333.3333333335
I,19000000,15,1266666.6666666667
J,30500000,15,2033333.3333333333
K,720000,8,90000.0
L,3700000,8,462500.0
M,2850000,8,356250.0
