Process,Total_Installed_Cost,Useful_Life_Years,Annual_Depreciation
A,1800000,10,180000.0
B,7200000,10,720000.0
C,2500000,10,250000.0
D,15000000,10,1500000.0
E,9200000,10,920000.0
F,10800000,10,1080000.0
G,4000000,10,400000.0
H,34000000,15,2266666.6666666665
I,15500000,15,1033333.3333333334
J,27500000,15,1833333.3333333333
K,640000,8,80000.0
L,3500000,8,437500.0
M,2750000,8,343750.0
TOTAL,134390000,139,11044583.333333332
