{
  "year": 3,
  "num_fractals": 4,
  "scaling_factor": 0.9577271946177287,
  "centers": [
    {
      "center_id": 1,
      "x": 0.0,
      "y": 0.0,
      "width": 76.6181755694183,
      "height": 76.6181755694183,
      "scaling_factor": 0.9577271946177287
    },
    {
      "center_id": 2,
      "x": 95.77271946177287,
      "y": 0.0,
      "width": 76.6181755694183,
      "height": 76.6181755694183,
      "scaling_factor": 0.9577271946177287
    },
    {
      "center_id": 3,
      "x": 0.0,
      "y": 95.77271946177287,
      "width": 76.6181755694183,
      "height": 76.6181755694183,
      "scaling_factor": 0.9577271946177287
    },
    {
      "center_id": 4,
      "x": 95.77271946177287,
      "y": 95.77271946177287,
      "width": 76.6181755694183,
      "height": 76.6181755694183,
      "scaling_factor": 0.9577271946177287
    }
  ],
  "processes": {
    "A": {
      "x": -3.0951262434958937,
      "y": 27.371182921886113,
      "width": 17.239089503119118,
      "height": 17.239089503119118,
      "equipment_count": 4
    },
    "B": {
      "x": 2.419467864051945,
      "y": 17.689093904606924,
      "width": 34.478179006238236,
      "height": 34.478179006238236,
      "equipment_count": 13
    },
    "C": {
      "x": -27.71338476221892,
      "y": -2.600990117576842,
      "width": 17.239089503119118,
      "height": 17.239089503119118,
      "equipment_count": 4
    },
    "D": {
      "x": -24.917367017040238,
      "y": 4.05746383635016,
      "width": 45.970905341650976,
      "height": 45.970905341650976,
      "equipment_count": 19
    },
    "E": {
      "x": -1.3855810743858568,
      "y": 7.946101591413835,
      "width": 30.64727022776732,
      "height": 30.64727022776732,
      "equipment_count": 11
    },
    "F": {
      "x": -14.474343674890337,
      "y": 10.902197964335812,
      "width": 28.731815838531862,
      "height": 28.731815838531862,
      "equipment_count": 10
    },
    "G": {
      "x": -4.161013429185283,
      "y": 1.6490495480543157,
      "width": 17.239089503119118,
      "height": 17.239089503119118,
      "equipment_count": 4
    },
    "H": {
      "x": -19.18279912514843,
      "y": -10.877775025036529,
      "width": 36.39363339547369,
      "height": 36.39363339547369,
      "equipment_count": 14
    },
    "I": {
      "x": -16.8962453144867,
      "y": -2.6489905351056313,
      "width": 36.39363339547369,
      "height": 36.39363339547369,
      "equipment_count": 14
    },
    "J": {
      "x": -12.863863545400324,
      "y": -11.596709448539372,
      "width": 51.71726850935735,
      "height": 51.71726850935735,
      "equipment_count": 22
    },
    "K": {
      "x": -0.8799990061812949,
      "y": -14.632191934175799,
      "width": 15.32363511388366,
      "height": 15.32363511388366,
      "equipment_count": 3
    },
    "L": {
      "x": -5.187376122139165,
      "y": -6.139297030633553,
      "width": 36.39363339547369,
      "height": 36.39363339547369,
      "equipment_count": 14
    },
    "M": {
      "x": -10.25907261235667,
      "y": 3.0430519175503403,
      "width": 51.71726850935735,
      "height": 51.71726850935735,
      "equipment_count": 22
    }
  },
  "layout_method": "flow_based"
}