Part,Weekly_Demand
P1,20961.53846153846
P2,11153.846153846152
P3,6153.846153846154
P4,9230.76923076923
P5,6923.076923076923
P6,4038.4615384615386
P7,13846.153846153848
P8,4615.384615384615
P9,8846.153846153846
P10,4615.384615384615
P11,8076.923076923077
P12,10000.0
P13,5000.0
P14,18076.923076923078
P15,2307.6923076923076
P16,11923.076923076924
P17,5000.0
P18,11923.076923076924
P19,20000.0
P20,14807.692307692307
