{
  "num_fractals": 3,
  "centers": [
    {
      "center_id": 1,
      "x": 0,
      "y": 0,
      "width": 80.0,
      "height": 80.0
    },
    {
      "center_id": 2,
      "x": 100,
      "y": 0,
      "width": 80.0,
      "height": 80.0
    },
    {
      "center_id": 3,
      "x": 0,
      "y": 100,
      "width": 80.0,
      "height": 80.0
    }
  ],
  "processes": {
    "A": {
      "x": -2.316701963676477,
      "y": 26.41142064349468,
      "width": 18,
      "height": 18,
      "equipment_count": 4
    },
    "B": {
      "x": 3.840791876014536,
      "y": 16.800794827423573,
      "width": 34,
      "height": 34,
      "equipment_count": 12
    },
    "C": {
      "x": -28.76987760563623,
      "y": -2.4269641781470495,
      "width": 18,
      "height": 18,
      "equipment_count": 4
    },
    "D": {
      "x": -25.404732606435807,
      "y": 3.954235773786317,
      "width": 44,
      "height": 44,
      "equipment_count": 17
    },
    "E": {
      "x": -5.171484801924815,
      "y": 12.16285454255487,
      "width": 26,
      "height": 26,
      "equipment_count": 8
    },
    "F": {
      "x": -16.457822821119578,
      "y": 12.734107815414115,
      "width": 28,
      "height": 28,
      "equipment_count": 9
    },
    "G": {
      "x": -2.8781184277389724,
      "y": 2.5875687497974202,
      "width": 18,
      "height": 18,
      "equipment_count": 4
    },
    "H": {
      "x": -20.385148065736217,
      "y": -12.394810060711169,
      "width": 34,
      "height": 34,
      "equipment_count": 12
    },
    "I": {
      "x": -17.798957441808582,
      "y": -2.879135028346336,
      "width": 32,
      "height": 32,
      "equipment_count": 11
    },
    "J": {
      "x": -13.280446464282159,
      "y": -11.742327203913048,
      "width": 48,
      "height": 48,
      "equipment_count": 19
    },
    "K": {
      "x": -0.7870303590243187,
      "y": -15.659065076744858,
      "width": 16,
      "height": 16,
      "equipment_count": 3
    },
    "L": {
      "x": -5.289295066854255,
      "y": -6.393230706094575,
      "width": 34,
      "height": 34,
      "equipment_count": 12
    },
    "M": {
      "x": -10.015354612554708,
      "y": 2.073224339172773,
      "width": 48,
      "height": 48,
      "equipment_count": 19
    }
  },
  "layout_method": "flow_based"
}