Year,Total_Capital_Cost,Total_Annual_Operating_Cost,Total_Annual_Depreciation,Total_Equipment_Units,Average_Utilization,Capital_Cost_Per_Hour,Operating_Cost_Per_Hour,Total_Cost_Per_Hour,Total_Weekly_Production_Hours
2,216046000,12313600.0,19238000.0,546,98.3821509842422,10.91566831180839,6.2214145748721945,17.137082886680584,38062.08333333333
3,237762000,13312000.0,21161000.0,598,98.89056780508919,10.939826704713207,6.125073522814503,17.06490022752771,41795.416666666664
4,259218000,14476800.0,23062000.0,651,98.45411140732746,10.949041075060348,6.114817560332757,17.063858635393103,45528.75
5,289168000,15641600.0,25710000.0,721,98.54197376461545,11.030112385837274,5.966379609580323,16.996491995417596,50415.833333333336
