Design,Redundancy,Flexibility,Efficiency,Complexity
Functional,0.0,40.0,95.0,70.0
Fractal f=2,50.0,43.75,94.69410518041109,60.0
Fractal f=3,66.66666666666666,62.5,90.8242750283632,40.0
Fractal f=4,75.0,81.25,91.65364443844022,20.0
Fractal f=5,80.0,100.0,90.0224625021034,0.0
