Process,Operations_Per_Week
A,45384.61538461538
B,68269.23076923077
C,63076.92307692308
D,72307.69230769231
E,83461.53846153847
F,79615.38461538462
G,83461.53846153847
H,66346.15384615384
I,105000.0
J,98461.53846153847
K,43653.84615384615
L,71730.76923076923
M,71730.76923076923
