{
  "year": 5,
  "num_fractals": 2,
  "scaling_factor": 1.0569963951264663,
  "centers": [
    {
      "center_id": 1,
      "x": 0.0,
      "y": 0.0,
      "width": 84.5597116101173,
      "height": 84.5597116101173,
      "scaling_factor": 1.0569963951264663
    },
    {
      "center_id": 2,
      "x": 105.69963951264663,
      "y": 0.0,
      "width": 84.5597116101173,
      "height": 84.5597116101173,
      "scaling_factor": 1.0569963951264663
    }
  ],
  "processes": {
    "A": {
      "x": -3.81523381664822,
      "y": 31.527677075902186,
      "width": 29.595899063541054,
      "height": 29.595899063541054,
      "equipment_count": 9
    },
    "B": {
      "x": 2.0016481448539554,
      "y": 19.520408250412476,
      "width": 73.98974765885264,
      "height": 73.98974765885264,
      "equipment_count": 30
    },
    "C": {
      "x": -30.625279695505082,
      "y": -3.352745197058013,
      "width": 29.595899063541054,
      "height": 29.595899063541054,
      "equipment_count": 9
    },
    "D": {
      "x": -27.740607585207844,
      "y": 4.685140670968614,
      "width": 103.58564672239369,
      "height": 103.58564672239369,
      "equipment_count": 44
    },
    "E": {
      "x": 0.0345959955572636,
      "y": 7.058957271052658,
      "width": 69.76176207834678,
      "height": 69.76176207834678,
      "equipment_count": 28
    },
    "F": {
      "x": -16.172628064408133,
      "y": 11.90329131402413,
      "width": 61.305790917335045,
      "height": 61.305790917335045,
      "equipment_count": 24
    },
    "G": {
      "x": -5.727512546811962,
      "y": 1.9042145866167033,
      "width": 33.82388464404692,
      "height": 33.82388464404692,
      "equipment_count": 11
    },
    "H": {
      "x": -20.8502485930652,
      "y": -11.916948756761476,
      "width": 78.21773323935851,
      "height": 78.21773323935851,
      "equipment_count": 32
    },
    "I": {
      "x": -18.604475466355687,
      "y": -2.8843766644271764,
      "width": 82.44571881986437,
      "height": 82.44571881986437,
      "equipment_count": 34
    },
    "J": {
      "x": -14.07772085151422,
      "y": -12.905855873115193,
      "width": 124.72557462492301,
      "height": 124.72557462492301,
      "equipment_count": 54
    },
    "K": {
      "x": -0.8279826801571735,
      "y": -16.595370055005205,
      "width": 27.48190627328812,
      "height": 27.48190627328812,
      "equipment_count": 8
    },
    "L": {
      "x": -5.558249342841933,
      "y": -6.9012113789999585,
      "width": 78.21773323935851,
      "height": 78.21773323935851,
      "equipment_count": 32
    },
    "M": {
      "x": -10.998670348926172,
      "y": 4.6234366908443665,
      "width": 116.2696034639113,
      "height": 116.2696034639113,
      "equipment_count": 50
    }
  },
  "layout_method": "flow_based"
}